filename	Cadaverine-C2:0	Cadaverine-C3:0	Cadaverine-C5:0	Cadaverine-C6:0	Cadaverine-C7:0	Dopamine-C2:0	Histamine-C2:0	Histamine-C3:0	Histamine-C4:0	Histamine-C5:0	Histamine-C6:0	Serotonin-C2:0	Sulfadimethoxine	Sulfamethazine	Tryptophan-C3:0
HNRC_100H2O_P3_A1.mzML	0.0415118771748816	0.0207869788936905	0.0	0.0	0.0	0.0005521917438593	0.0210189178697826	0.0064878360456517	0.0	0.0	0.0	0.0002337833432144	0.6098850386351746	1.0	0.0
HNRC_100H2O_P3_A10.mzML	1.047958435055527	0.6195883370750308	0.0856178359522477	0.0	0.0	0.0077157536117225	0.4012138487206105	0.1606889690451942	0.0627560794768569	0.0071300281725927	0.0010391886391853	0.0	0.8355827553997698	1.0	0.0
HNRC_100H2O_P3_A11.mzML	3.9675941535422186	1.9875894333929207	0.0583933574655769	0.0	0.0	0.002344547841928	0.0779198089338121	0.0156979265197618	0.000472461452317	0.0	0.0	0.0025279671281463	1.1184599161170854	1.0	0.0
HNRC_100H2O_P3_A12.mzML	0.0893745707018141	0.0585321182278463	0.1526449710053955	0.0102580919178178	0.0	0.0011752416037746	0.5831794986819168	0.3418125271967292	0.3594534553360453	0.2815424740968803	0.0645943666665053	0.0	1.952862857484029	1.0	0.0
HNRC_100H2O_P3_A2.mzML	0.375833886085003	0.2473770609695806	0.1489849159930911	0.0033365212671362	0.0	0.0132652207136786	0.0	0.0	0.0	0.0	0.0	0.0026314792643121	0.6957283577867647	1.0	0.0013398555509251
HNRC_100H2O_P3_A4.mzML	5.446599519982356	5.451710047709017	1.5500847725879578	0.0332170908527561	0.0	0.0156988736595372	1.8647481948314717	1.692430521907414	0.8447122958743497	0.6690994525354826	0.0147192038373348	0.0014532489206746	1.0043438975440218	1.0	0.0
HNRC_100H2O_P3_A5.mzML	1.176257954498647	0.7493502256649234	0.1230178848281157	0.0129561165241352	0.0	0.0090912611283888	0.0943927509381887	0.0260763700782579	0.0009033801421445	0.0	0.0	0.0	0.8333865055868455	1.0	0.0
HNRC_100H2O_P3_A6.mzML	23.486234849503564	12.638159137806904	0.591659159454056	0.0171576782728842	0.0	0.0	0.698214353809626	0.1548633907121396	0.0162071390007962	0.0	0.0	0.0	0.8656630894870256	1.0	0.0
HNRC_100H2O_P3_A7.mzML	0.0938127690601174	0.0345758499086854	0.000796082512612	0.0	0.0	0.0001844703369509	0.0175547164526033	0.00515460455544	0.0	0.0	0.0	0.0	0.9437808819908278	1.0	0.0007272410051939
HNRC_100H2O_P3_A8.mzML	0.1333600438036842	0.0960640908806993	0.0345996538133067	0.0	0.0	0.0	0.0027336285241485	0.001327649859519	0.0	0.0	0.0	0.0	0.2261845171908879	1.0	0.0
HNRC_100H2O_P3_A9.mzML	22.700267612659136	13.7925018782559	0.3490496051005772	0.0038284501698191	0.0	0.0016318480020117	0.0531723800399866	0.0209954277663139	0.0173466375597368	0.0	0.0	0.0052923126297445	0.6346566543036379	1.0	0.0
HNRC_100H2O_P3_B1.mzML	8.75045933343682	3.622926262323081	0.0050641485629322	0.0	0.0	0.0050173318196148	0.2993749930393608	0.081093835052995	0.0	0.0	0.0	0.0	1.2600075429266913	1.0	0.0
HNRC_100H2O_P3_B10.mzML	0.3348195205306647	0.1242450587710649	0.0345668165434513	0.0	0.0	0.0138159563543529	0.0450540661067084	0.0172874313519322	0.013993329869393	0.0	0.0	0.0	0.5810559971852076	1.0	0.0
HNRC_100H2O_P3_B11.mzML	4.295974668506619	3.126438439261291	3.6940502898285534	0.0314776073528391	0.0	0.0119921014846108	0.7334358767279974	0.5177685049064896	0.1334162273344696	0.0559743395144797	0.0	0.0	0.9804980670585128	1.0	0.0
HNRC_100H2O_P3_B12.mzML	2.598570161856973	1.75056305490914	0.0236413824887437	0.0	0.0	0.0231714721337453	0.2913027444593254	0.0391375298110955	0.0273352822895615	0.0072360455510403	0.0132053885634437	0.0	0.7121864308521724	1.0	0.0
HNRC_100H2O_P3_B2.mzML	5.302958568529284	2.1675942981388427	0.115644100102751	0.0	0.0	0.0028888219608206	1.1683999085611356	0.3569382451014053	0.0382781013874562	0.0	0.0	0.0030195458717397	1.0803174224520784	1.0	0.0027683695375369
HNRC_100H2O_P3_B4.mzML	1.2281101149928562	0.8955603695758413	0.0080910413880559	0.0	0.0	0.0019277110235636	0.17503324456247	0.0583170196634322	0.0146117436773015	0.0	0.0	0.0	0.953009010358943	1.0	0.0
HNRC_100H2O_P3_B5.mzML	0.1835070526966639	0.0697741154722792	0.0353627529786776	0.0	0.0	0.0047293642134337	0.0041258203628091	0.0027197143054481	0.0	0.0	0.0	0.0	0.8967346444273597	1.0	0.0136891967349144
HNRC_100H2O_P3_B6.mzML	1.4986406226229498	0.8435633498913822	0.0227136144201485	0.0	0.0	0.0131596446933138	0.0521264352067519	0.0231920954136693	0.0005771064266458	0.0	0.0	0.0	6.204672695850031	1.0	0.0
HNRC_100H2O_P3_B7.mzML	0.6997858330447204	0.6910217112425244	0.0141639342847309	0.0	0.0	0.0040826587343973	0.0066868102286569	0.0128817377625433	0.0	0.0	0.0	0.0	2.5800465448989964	1.0	0.0
HNRC_100H2O_P3_B8.mzML	2.7659165175693654	3.2107155045370965	1.9697746633042152	0.0658818717849818	0.0	0.0115757868614481	0.0	0.0	0.0174159221135957	0.0	0.0	0.0	2.973053778685833	1.0	0.0
HNRC_100H2O_P3_B9.mzML	1.1245543407504908	0.4535182663432676	0.0057556360922028	0.0110276233106775	0.0	0.0	0.1096794936797617	0.0422244549408848	0.0234597809978137	0.0125304185112298	0.028655659531311	0.0	2.9548202130170407	1.0	0.0
HNRC_100H2O_P3_C1.mzML	0.2965667430968535	0.1278516485536898	0.0	0.0	0.0	0.0012871733740425	0.1754024706550542	0.0355466564202948	0.0028832141824666	0.0	0.0	0.0	0.7716990884923145	1.0	0.0018648015254164
HNRC_100H2O_P3_C10.mzML	0.2795669625798584	0.1736768690325588	0.0187770858595742	0.0	0.0	0.0022541141328942	0.0	0.0054884091224158	0.0	0.0	0.0	0.0	1.318673045400146	1.0	0.0
HNRC_100H2O_P3_C11.mzML	26.0513095689884	14.348511999157576	0.5820790175664662	0.0013930787830215	0.0	0.0026214224191123	0.1067593000840104	0.0494464885800762	0.0066930512569837	0.0	0.0	0.0015608145399547	0.8149352395418463	1.0	0.0026934867930388
HNRC_100H2O_P3_C12.mzML	0.7893684176524866	0.2652578799800059	0.157100910748149	0.0080663026067735	0.0	0.0049231590852014	0.0040728892048993	0.011342288000261	0.0031053712211237	0.0	0.0	0.0243275236499482	0.7916341659990721	1.0	0.0
HNRC_100H2O_P3_C2.mzML	4.0791996483497766	1.2831593646791537	0.0068637798126784	0.0	0.0	0.0182292346130668	1.3679953505537183	0.7666750952540007	0.1764065140439457	0.0	0.0	0.0293279360809049	1.887190614362712	1.0	0.0
HNRC_100H2O_P3_C4.mzML	1.457568224999685	0.8161884176576744	0.1023988022609787	0.0060468888583836	0.0	0.0024306852625199	0.0038868643309129	0.0	0.0002848504444488	0.0	0.0	0.0003948406216623	0.6730224607156301	1.0	0.0012625453373172
HNRC_100H2O_P3_C5.mzML	22.863730317738277	13.106383911568887	0.5465876369058079	0.0187560805605905	0.0	0.0020815988900132	1.692367993872126	0.920213080565644	0.3019308611301563	0.0846454781839325	0.0025682394682324	0.0	0.810408574525493	1.0	0.0029583668834013
HNRC_100H2O_P3_C6.mzML	1.1199213931732304	0.5882919823368657	0.6090366320030913	0.0025035336614611	0.0	0.0016246138919575	0.0548813507577973	0.0341016395499444	0.0220761260790045	0.0012890864341722	0.0	0.0	0.9725937805916056	1.0	0.0
HNRC_100H2O_P3_C7.mzML	0.2385334891261942	0.3288911334355625	0.0036231672656926	0.0	0.0	0.0020927012182788	0.0412209087734402	0.0204771484115006	0.0253696983029613	0.0030315246436241	0.0	0.0	1.0324515636048053	1.0	0.0
HNRC_100H2O_P3_C8.mzML	0.236376073951184	0.1057406106616234	0.0	0.0	0.0	0.0	0.0055791959486266	0.0	0.0	0.0	0.0	0.0140903789244368	1.427123954724269	1.0	0.0
HNRC_100H2O_P3_C9.mzML	6.659920642921581	2.772825861618833	0.3209526985284044	0.0	0.0	0.0070407564513168	1.183499414515366	0.6022994941309366	0.1098899340586622	0.3603784066029225	0.0247377468276555	0.0	2.2211575793764653	1.0	0.0
HNRC_100H2O_P3_D1.mzML	8.440062460347367	4.277239263079184	0.1437230075006464	0.0026152716607075	0.0	0.0106379363945124	5.507555961789151	2.1189973510211098	0.1131732815308218	0.026528513273186	0.0	0.0	0.9969556630210212	1.0	0.018646600221102
HNRC_100H2O_P3_D10.mzML	5.429526891400736	2.4465743298075475	0.364442339773211	0.0241158941488397	0.0	0.0030760223281451	0.0112749619883709	0.0045765416831193	0.0002877610526019	0.0	0.0	0.0	0.8239293634719538	1.0	0.0
HNRC_100H2O_P3_D11.mzML	6.32904246444008	4.81895521138861	0.6486266770702084	0.0050427028822083	0.0	0.1449320496772434	0.0211808157250168	0.037649877148306	0.003423466968447	0.0	0.0005805454811308	0.0017971438668577	0.9966940666702948	1.0	0.0
HNRC_100H2O_P3_D12.mzML	0.1564182480574537	0.0309679648711812	0.010770520396272	0.0	0.0	0.0	0.0216423888019903	0.0	0.0	0.0	0.0	0.0	0.8537941576336348	1.0	0.0
HNRC_100H2O_P3_D2.mzML	27.285172753631468	25.66189092355376	1.1342527596523284	0.0625280854434725	0.0	0.0008926089550402	3.899755759644637	1.4328557663466894	0.5481886880348594	0.3272506809174999	0.0328889469977553	0.0	1.1181133393908165	1.0	0.0
HNRC_100H2O_P3_D4.mzML	1.2144741483256438	1.0572786300382204	0.0844968769306123	0.0	0.0	0.0070207738744315	0.5457941922639088	0.2967194670379059	0.0362839050560136	0.0189256104716145	0.0	0.0030166775030431	0.6741035221420304	1.0	0.0
HNRC_100H2O_P3_D5.mzML	0.5639155565767592	0.4240729294780505	0.0891495039346441	0.0021215812347519	0.0	0.0037666171804565	0.0	0.0	0.0	0.0	0.0	0.0021502422884078	0.5818382419976972	1.0	0.0012746732278102
HNRC_100H2O_P3_D6.mzML	0.6373473359172941	0.469964648558685	0.024449897892872	0.0	0.0	0.0122943672428664	0.0536911382596346	0.0194790271866513	0.0011925753057454	0.0	0.0	0.008522455543938	2.5863212325693743	1.0	0.0
HNRC_100H2O_P3_D7.mzML	8.317686116156887	6.2015930345944295	0.1761157982411959	0.0012306561834999	0.0	0.001540275058538	0.1135620208909204	0.0425110963922611	0.0037876509219339	0.0	0.0	0.0	1.3955054150852968	1.0	0.0005447196623806
HNRC_100H2O_P3_D8.mzML	0.491316117951513	0.254296897576924	0.0329613109642745	0.0	0.0	0.0112563574851469	0.0	0.0067537968269911	0.0	0.0	0.0	0.0171702088362596	1.3427606383437238	1.0	0.0
HNRC_100H2O_P3_D9.mzML	36.51735707823631	31.791943593408146	12.968205163022722	0.1640291538162542	0.0093851151911818	0.0950522361839324	2.4452170665924355	2.254017594810159	3.461645927784218	0.7188024801791052	0.0215450028939949	0.0144673267125066	1.8158119735008516	1.0	0.0022418531072679
HNRC_100H2O_P3_E1.mzML	56.3524563377002	41.12982950179726	1.6941140822555387	0.0523559797671464	0.0	0.0030153301217348	1.4561357187822828	0.8275906755891396	0.9638948640819844	1.7062229873362065	0.0722087350995317	0.0	1.3984157512236943	1.0	0.0
HNRC_100H2O_P3_E10.mzML	18.839094763131317	13.055673582180354	11.03715415221112	0.7115246500347637	0.1674247002494553	0.0	0.0	0.1205665570153999	0.0008430981543272	0.0129580386319759	0.0	0.0	1.702781615235001	1.0	0.0
HNRC_100H2O_P3_E11.mzML	21.968317792489447	11.402358285726972	0.2064561701246861	0.008378308428534	0.0	0.0	1.775939537884091	0.5112216136636129	0.0432752729769472	0.0144998764622296	0.0	0.0114198171193802	2.825432585830002	1.0	0.0083435908812355
HNRC_100H2O_P3_E12.mzML	2.5038095919862973	0.6967859563600693	0.0249327540488371	0.0	0.0	0.0064945583948354	0.0404563079703235	0.0054537625756202	0.011875549974679	0.0030473324298203	0.0	0.0	0.8056668627657558	1.0	0.0
HNRC_100H2O_P3_E2.mzML	5.496690057538145	3.4967961357762967	0.113455020806791	0.0	0.0	0.0047781544246458	0.2703660436761432	0.3924668096649203	0.0417683223059638	0.0431452229679267	0.0	0.0	1.8295329126332835	1.0	0.0031588739673164
HNRC_100H2O_P3_E4.mzML	3.548008073095733	3.39260789620074	1.3240989144940236	0.0339719667332345	0.0032152072689996	0.0057116083479738	0.0	0.0045332049059753	0.0	0.0	0.0	0.0029418695052577	1.059633843710528	1.0	0.0
HNRC_100H2O_P3_E5.mzML	0.1753269089476658	0.060356870205712	0.0740287046106653	0.0	0.0	0.0228924103314955	0.0	0.0	0.0159190318569513	0.0	0.0	0.0	0.7108122481715269	1.0	0.0
HNRC_100H2O_P3_E6.mzML	27.817400814762923	22.572276534737632	2.5707131656845728	0.0726637114700341	0.0	0.0013239011302402	1.443251137361862	1.0740902877449785	0.0269215518391458	0.0145900816696388	0.0015680214576148	0.0	1.202208325250368	1.0	0.0030268624602592
HNRC_100H2O_P3_E7.mzML	1.804076216168346	0.2080502476276116	0.0040397702887739	0.0	0.0	0.1671731281464375	1.000976340833691	0.3135282676966885	0.0250223784512885	0.0	0.0	0.0	1.04864584823527	1.0	0.0008389364615478
HNRC_100H2O_P3_E8.mzML	2.146329532768924	1.2617419594714556	0.1772134444459307	0.0019211514117134	0.0	0.0233711682236171	0.4894443361821352	0.1701955197036727	0.0343742057667565	0.0016438918067354	0.0	0.0	0.8116781015986205	1.0	0.00263389024411
HNRC_100H2O_P3_E9.mzML	30.544552887423677	20.69686611537048	0.527949623681196	0.0184641673453791	0.0	0.0	5.953615411610182	1.382537588603983	0.167660420652448	0.1674362953331146	0.0	0.0152169163989847	1.4064936935895545	1.0	0.0
HNRC_100H2O_P3_F1.mzML	12.32505810559181	8.256275956909736	0.1093241679022757	0.0	0.0	0.0137316302910091	9.914870395762792	4.483115198615584	0.5546942635185362	0.0499091559634797	0.0	0.0068528359552719	0.9272895320985008	1.0	0.0025199336830297
HNRC_100H2O_P3_F10.mzML	2.3433993154267103	1.642743819868375	0.1182391669643056	0.0008652547118031	0.0005720524560264	0.0009897709182017	0.2990169758052725	0.1842416118791766	0.0438013418291754	0.0008442205978832	0.0	0.0004420217552014	0.8229809208551856	1.0	0.0
HNRC_100H2O_P3_F11.mzML	5.812707663592601	4.158994984418635	0.5036522119909678	0.0105379197823533	0.0	0.0233418934112753	3.513166194184364	1.786688602507556	0.1946835189262576	0.0874836191968504	0.0026358584464125	0.0080325472013337	0.9770353670003352	1.0	0.0
HNRC_100H2O_P3_F12.mzML	0.9990525607312912	0.9471844549321404	0.1322806708629386	0.0352612819848131	0.0	0.0163441735759364	0.0317007322198591	0.0256935691787027	0.0020513134461837	0.0	0.0	0.0040942385670621	2.02554539382709	1.0	0.0
HNRC_100H2O_P3_F2.mzML	3.6311684911207527	1.5053384360381254	0.0012663318336707	0.0	0.0	0.0035520621502229	0.0440994159097383	0.0104068526488788	0.0	0.0	0.0	0.0	0.96320513561254	1.0	0.0
HNRC_100H2O_P3_F4.mzML	1.5802225162612498	0.8166003428304834	0.007273379126818	0.0	0.0	0.0	0.4527468527690877	0.1029438707502894	0.0022967173346995	0.0	0.0	0.0	1.1392823622324015	1.0	0.0
HNRC_100H2O_P3_F5.mzML	0.1570768895579738	0.0984261376716955	0.0	0.0	0.0	0.0039058615615428	0.0731564958831331	0.0456097165735957	0.0	0.0072921546259181	0.0	0.004290632905279	1.3597775197486563	1.0	0.0
HNRC_100H2O_P3_F6.mzML	19.508833783661448	14.674020459914832	0.1357102253788192	0.0	0.0	0.0	0.7388677830985945	0.4050393796612763	0.4434201014718473	0.4675607159970953	0.0	0.0	1.520922770704318	1.0	0.0
HNRC_100H2O_P3_F7.mzML	0.5876341386151882	0.123329225706354	0.0057267422326982	0.0	0.0	0.0280512588179558	0.2577529969144801	0.1100914456770253	0.0	0.0	0.0	0.0158428637870865	3.021335128718298	1.0	0.0
HNRC_100H2O_P3_F8.mzML	0.2499937358431767	0.1488000305882543	0.0144747891306815	0.0	0.0	0.0215034298141277	0.2713429920926487	0.1470750084514771	0.0234278609431122	0.0145023616898134	0.0	0.0	1.172332362605818	1.0	0.0016908944627181
HNRC_100H2O_P3_F9.mzML	0.0426010237077203	0.0061705025635505	0.0049693829558597	0.0	0.0	0.0008713870083673	0.0493269991749422	0.0102887006532573	0.0	0.0	0.0	0.0	0.8009635255960569	1.0	0.0013066600327699
HNRC_100H2O_P3_G1.mzML	0.232270128140528	0.1161097213489759	0.0870208479184038	0.0016847335744236	0.0	0.0010626292218669	0.0204560909484123	0.0038926159782513	0.0	0.0	0.0	0.0	4.065350628811627	1.0	0.0
HNRC_100H2O_P3_G10.mzML	1.0214239781010437	0.9781144270293842	0.0788091912436506	0.0	0.0	0.0075623510848042	0.2162813958385039	0.061554523914616	0.008691956614985	0.0	0.0	0.0011976488674925	2.640000127208576	1.0	0.0059413693022649
HNRC_100H2O_P3_G11.mzML	0.3802402150763455	0.1663880721722672	0.0218285725053244	0.0	0.0	0.0034729626177134	0.0156472454174037	0.0080913729815253	0.0	0.0	0.0	0.0	0.909451930894178	1.0	0.0
HNRC_100H2O_P3_G12.mzML	6.293153926982179	2.867211373685658	2.097969125746645	0.5874910966777385	0.1173318946974986	0.0277981819592245	0.0	0.0	0.0	0.0065148517993526	0.0	0.0153797928082312	0.8679507901918886	1.0	0.0
HNRC_100H2O_P3_G2.mzML	16.96661334636644	7.101095582720392	0.4243255803284315	0.0025191466888031	0.0	0.0212534212100075	23.7402014390534	8.94565245179026	0.4116695844669786	0.0981435738482811	0.0	0.0074137641137825	1.9664977259384968	1.0	0.0683343568225591
HNRC_100H2O_P3_G4.mzML	1.3647490294271103	1.0885311306339105	0.1610782935844519	0.0	0.0	0.0014810379950429	0.0651464548192083	0.0237085313166727	0.0	0.0	0.0	0.0	0.8235155583405	1.0	0.0
HNRC_100H2O_P3_G5.mzML	0.3190330700440551	0.4288246569705412	0.067763947653321	0.0	0.0	0.0037499857992935	0.1277643866479979	0.0922850262001279	0.0243693413691332	0.0114309901069113	0.0	0.0	0.5406306053343884	1.0	0.0
HNRC_100H2O_P3_G6.mzML	0.1851045239509663	0.0741993418942646	0.1592689394103643	0.0007214342394532	0.0	0.0026225540855858	0.0233931832464247	0.0127822561023495	0.0029590507525785	0.001046729072525	0.0	0.0010521894646872	0.647110874387051	1.0	0.0
HNRC_100H2O_P3_G7.mzML	4.457056137470035	3.4548464453369703	0.7896091585685473	0.0407322206685466	0.0040335237407094	0.0030776926268478	3.3378874035961457	2.444938557189135	0.7294348224009155	0.4082516514756212	0.0447807108954682	0.0015971246223283	0.7538274467382493	1.0	0.0
HNRC_100H2O_P3_G8.mzML	0.3084866923703386	0.1432289314927409	0.0226868351825399	0.0	0.0	0.0080714452272925	0.0319148509859122	0.0163579922611311	0.0028495073042161	0.0	0.0	0.0084391251159205	1.393975824159874	1.0	0.0
HNRC_100H2O_P3_G9.mzML	2.7411325640601016	0.8928491988075646	0.0224312871391029	0.0	0.0	0.0028781407064451	0.1691990045147438	0.0970943539279789	0.0	0.0	0.0009781543952318	0.0	0.8515916766463509	1.0	0.0006539383752019
HNRC_100H2O_P3_H1.mzML	0.0909417108913957	0.0699963938207855	0.1112180331303273	0.0002747865712711	0.0	0.0	0.0684639206857877	0.0356552648762735	0.0329296460680098	0.0287471897740908	0.0001979649304618	0.0	1.1822694428763	1.0	0.0003661270430998
HNRC_100H2O_P3_H10.mzML	0.4247793014438977	0.2433997136403968	0.0162566346696781	0.0	0.0	0.0	0.0180206904896345	0.0101752641768169	0.0	0.0	0.0	0.0	1.103271759296604	1.0	0.0
HNRC_100H2O_P3_H11.mzML	50.16772819903776	39.956102785617176	5.675671585809833	0.1639295247805051	0.0	0.0045187930091366	0.732500981846295	0.6032793003837297	0.2718548386621924	0.0182298643491757	0.0	0.0180980989571526	1.0134586544083577	1.0	0.0012818099063139
HNRC_100H2O_P3_H12.mzML	0.3540153795908147	0.4685731358945634	0.1939125153469089	0.0103174748883592	0.0	0.0586092938259665	0.0	0.0	0.0	0.0	0.0	0.0316124482026268	1.5939595804914617	1.0	0.0
HNRC_100H2O_P3_H2.mzML	0.614337536033898	0.2937615296981893	0.0093924456075529	0.0	0.0	0.0008111473062636	0.6270928797862751	0.1837769204227107	0.0059380030863003	0.0025588312094444	0.0	0.0	1.4519825557455022	1.0	0.0
HNRC_100H2O_P3_H4.mzML	34.93772037695422	10.5655032615809	2.353496353225065	0.1225595056805646	0.0	0.1000022172568667	2.4896202736166115	0.6252831152451073	0.2609956771790991	0.0799945963750656	0.0	0.0040360398701517	0.900993512883448	1.0	0.0589309328043113
HNRC_100H2O_P3_H5.mzML	0.4561287786367775	0.4375332456361287	0.0654103801526773	0.0018583492734761	0.0	0.0036429898604098	0.0053730613991503	0.0091671279291403	0.0018985846718039	0.0006122492066577	0.0	0.0041797091638362	0.6569469905878172	1.0	0.0006749968668327
HNRC_100H2O_P3_H6.mzML	0.3448907763049595	0.030153636483853	0.0	0.0	0.0	0.0018652390886503	0.0712301130708425	0.006990710217161	0.0008446469275448	0.0	0.0	0.0114905394681257	0.576713141463811	1.0	0.0
HNRC_100H2O_P3_H7.mzML	0.2875157961325398	0.1684184583869817	0.7298143702658226	0.0026616576577114	0.0	0.003158965414862	0.0288444280494555	0.0172484815571294	0.0271026759804791	0.0339885402508582	0.0	0.0002117092049491	0.5475069338867512	1.0	0.0
HNRC_100H2O_P3_H8.mzML	0.0492544768050293	0.0313327871712371	0.0170358233158657	0.0	0.0	0.0005732800089382	0.3567656215026563	0.137651643703519	0.2072371338214731	0.3447245969922649	0.0151064736393377	0.0004543353617755	0.8503601380630553	1.0	0.0
HNRC_100H2O_P3_H9.mzML	14.875149351568238	12.435296310965724	0.4706788374125023	0.0030429609907704	0.0	0.0142560274092603	8.793852083734212	5.585598757718401	0.4936376493983634	0.172494116907144	0.0	0.0	1.5517244219295048	1.0	0.0
HNRC_100H2O_P4_A1.mzML	0.5632478770614192	0.4402041920738065	0.0920784204753046	0.0127443047688958	0.0	0.0	0.0154143223279752	0.0063043768403666	0.0	0.0	0.0	0.0	2.0750508837930948	1.0	0.0
HNRC_100H2O_P4_A2.mzML	0.2061283349146029	0.0853497147077205	0.0057567767345493	0.0	0.0	0.0019015282754807	0.007579470198921	0.0	0.0003399241361414	0.0	0.0	0.0	0.8196438253616853	1.0	0.0
HNRC_100H2O_P4_A3.mzML	2.194772327311195	1.3977383934210277	0.2833752107522532	0.0127697129852762	0.0	0.0022197291600527	0.0471946271874078	0.0121460520176291	0.0010920139536162	0.0	0.0	0.0	0.8445413801245703	1.0	0.0
HNRC_100H2O_P4_A5.mzML	0.7493854475851738	0.4943924333790869	0.0259289686042677	0.0	0.0	0.0017345238578561	0.1591199718867367	0.075272770608092	0.0146344118440728	0.0019954419478787	0.0	0.0	0.9038260320269051	1.0	0.0019399970848462
HNRC_100H2O_P4_A6.mzML	2.005270781951655	1.5795232242356705	1.468098411313562	0.1256868961703231	0.0342070012338188	0.0207701673297891	0.0	0.0	0.0	0.0110483591956518	0.0	0.0	1.348527441152374	1.0	0.0
HNRC_100H2O_P4_A7.mzML	4.678513793404332	3.7478922980128497	0.60541397434661	0.0035757339872973	0.0	0.0	0.0336095114099261	0.0310718705941244	0.0012277897946718	0.0	0.0	0.0	1.8704413108670992	1.0	0.0
HNRC_100H2O_P4_A8.mzML	0.1654110836159082	0.0659271903869765	0.003626332122004	0.0	0.0	0.008763541994069	0.0675156209495087	0.0236095271827429	0.0012343464091697	0.0	0.0	0.0	0.7681142123399863	1.0	0.0013290952632813
HNRC_100H2O_P4_A9.mzML	0.2106323572423413	0.0894274805048625	0.0013179155628643	0.0	0.0	0.0130263933066409	0.0707305429558682	0.0258789461109075	0.0023115167005505	0.0	0.0	0.00240003260424	0.8690180700095727	1.0	0.001788469593962
HNRC_100H2O_P4_B1.mzML	20.83309798470488	16.373402677066327	1.1890256168167477	0.0095373495354931	0.001824817907926	0.0025421993923691	4.432862574386087	4.151183080637857	0.7669893403371795	0.6104504471671395	0.0060152525557238	0.0071108907026163	2.2794159329906294	1.0	0.0
HNRC_100H2O_P4_B2.mzML	0.4814067751615254	0.220103820524604	0.0318848675981117	0.0	0.0	0.0020457293320897	0.0657316128883136	0.0341580394581556	0.0	0.0	0.0	0.0013646126789288	1.396159250728768	1.0	0.0
HNRC_100H2O_P4_B3.mzML	2.985109267233664	2.9310730618356025	0.542975358323598	0.0190849747648065	0.0010631822704035	0.0031044958023995	0.5485918332595784	0.2347965024652823	0.0915893788028662	0.0633353657922234	0.0010138594736534	0.0	0.8407860120905699	1.0	0.0
HNRC_100H2O_P4_B5.mzML	1.6064659611668537	0.6415559229576019	0.7641285432971553	0.0050334946191219	0.0	0.0020170939075811	0.0169456801775932	0.006892689766343	0.0	0.0014246771014241	0.0	0.0003788615433156	0.794526418604783	1.0	0.0
HNRC_100H2O_P4_B6.mzML	7.338694267921609	5.31870692636906	0.2787572350233545	0.0	0.0	0.0089844920067011	0.4117329577128512	0.1488967321090849	0.0023871982988133	0.0	0.0014083948290351	0.0041040169157815	2.0456652824548023	1.0	0.0
HNRC_100H2O_P4_B7.mzML	4.980824037775269	3.4953823916000597	0.5145574664532606	0.0103446359892772	0.0	0.0025509201087125	0.0043985982806289	0.0065065152182852	0.0	0.0	0.0	0.0	0.9269046132944092	1.0	0.0
HNRC_100H2O_P4_B8.mzML	1.7642325459719974	0.9253891684884008	0.296858685916641	0.0060325671822624	0.0	0.0095947448635137	0.5572778990948991	0.3610526605799313	0.3321265189018197	0.1904032415454387	0.0223680964393448	0.0013860328229182	1.0252839146899146	1.0	0.0
HNRC_100H2O_P4_B9.mzML	2.270540208484338	1.185295075539432	0.350593592388601	0.0079250243927144	0.0	0.0076345422974197	0.4803308688502101	0.3464743178005939	0.3353993042919438	0.1259495549608358	0.0242393481233625	0.0033465730961356	1.0650893214414727	1.0	0.0
HNRC_100H2O_P4_C1.mzML	5.787112804445786	5.750144012596522	0.3988429375357972	0.0034166533874494	0.0	0.0420206933439622	0.1464641218882539	0.1068161364381584	0.1701240841629241	0.0371684604933335	0.0	0.0047833318990406	0.7961561229681596	1.0	0.0
HNRC_100H2O_P4_C2.mzML	46.4795988888242	32.58041859394606	1.3250429937817765	0.0165121326283434	0.0	0.0017658809319402	16.70163288448906	16.304835740503172	6.578799112653673	1.8984578508540728	0.0227330720165871	0.0	2.535234112425076	1.0	0.0159100633779728
HNRC_100H2O_P4_C3.mzML	12.135384384694357	7.847070058960286	0.2973228630459703	0.0	0.0	0.0	0.5114141265965075	0.2334792556037783	0.0	0.0083794395121774	0.0	0.0	1.2091150047724548	1.0	0.0
HNRC_100H2O_P4_C5.mzML	10.243113818806098	3.467406897058579	0.0990870052483907	0.0035180341735723	0.0	0.0036391559875708	0.1475650725417494	0.0180331955158626	0.0	0.0	0.0	0.0006388629897984	1.1877896357033084	1.0	0.0
HNRC_100H2O_P4_C6.mzML	0.2348434598103096	0.1021762044746195	0.0043854839965214	0.0	0.0	0.0341141383131659	0.2191137691421836	0.0575950832438803	0.001607948434999	0.0	0.0	0.0	2.172209142544433	1.0	0.0
HNRC_100H2O_P4_C7.mzML	1.4797725222818536	0.1443177546876453	0.0026781323017253	0.0	0.0	0.0003976467550454	0.275736383880314	0.0448001147266986	0.0010858289579264	0.0	0.0	0.0	0.9948682559526713	1.0	0.0020918170838911
HNRC_100H2O_P4_C8.mzML	18.444455239146865	11.841561574253198	0.1872974851346552	0.0118168599348928	0.0	0.0	2.087157351416014	0.9061747671982764	0.0392761414878027	0.0711235562059258	0.0	0.0	1.858312222234613	1.0	0.0
HNRC_100H2O_P4_C9.mzML	15.947201179301072	11.625667107077538	0.2126739842303099	0.0117608949403714	0.0	0.0	1.7553058451561536	1.0642591793933869	0.0380009207880662	0.0620882642162321	0.0050569871713506	0.0	1.6260192314349509	1.0	0.0
HNRC_100H2O_P4_D1.mzML	0.018235587524758	0.0086151696872707	0.0001344748695837	0.0	0.0	0.0003958566757965	0.008575063484201	0.0012582168736016	0.0002236573891491	0.0	0.0	0.0	0.5482729631254195	1.0	0.0
HNRC_100H2O_P4_D2.mzML	33.29711980071906	16.132874077275613	2.34092644421428	0.0959484104894049	0.0022061768457878	0.0060722324407221	36.6111974518848	10.152035817542895	0.5076088525689673	0.5233348390251238	0.0215054596106135	0.0	1.2707212707707023	1.0	0.0
HNRC_100H2O_P4_D3.mzML	0.2735215270092823	0.3780881194653823	0.2408735901732334	0.0	0.0	0.0070752699304236	0.4454393923839485	0.4286147418899073	0.3644588878100951	0.1822344463758331	0.0	0.0	0.1286561536480626	1.0	0.0
HNRC_100H2O_P4_D5.mzML	0.792894622574249	0.3309563570794544	0.0499958963006001	0.0	0.0	0.0029394411659585	0.4291020114631035	0.2030330674549073	0.0052229872825581	0.0011817570275465	0.0	0.0259534209986762	1.9253585084709648	1.0	0.0
HNRC_100H2O_P4_D6.mzML	12.520493353167144	7.774426329032806	0.3885576031912105	0.0343399261783117	0.0	0.0030950336540049	0.1012368083959698	0.0423923293180874	0.0125340878988222	0.0	0.0	0.0	0.9746662881659744	1.0	0.001139928848428
HNRC_100H2O_P4_D7.mzML	0.1382156828049796	0.0454165807551257	0.0030107008151214	0.0	0.0	0.0071106874319621	0.0035213417868476	0.0015279446894699	0.0	0.0	0.0	0.0037446154545024	0.8392616603495616	1.0	0.0
HNRC_100H2O_P4_D8.mzML	0.4577593431900953	0.3516548839438926	0.1633148114711328	0.0059646719821488	0.0	0.0	0.9463758184803152	0.585638242306232	0.3049216995119344	0.1624581347451389	0.0128873198919086	0.0041425623285884	0.9600856951806436	1.0	0.0
HNRC_100H2O_P4_D9.mzML	0.8358013489342545	0.5833810392411264	0.2819768256146592	0.0121093812950098	0.0	0.0014186585396134	1.3081619050326327	0.8001308168959766	0.4267077833148215	0.1812293834916602	0.0110843526904852	0.0105849536223879	1.0577600099928228	1.0	0.0
HNRC_100H2O_P4_E1.mzML	0.1267745881850072	0.0343008460888636	0.0	0.0	0.0	0.0218960858171035	0.0078868247065419	0.0	0.0	0.0	0.0	0.0	1.292018693380127	1.0	0.0
HNRC_100H2O_P4_E2.mzML	1.6104441938576113	0.8506173179054727	0.3102067251930774	0.0	0.0	0.0339931362164533	0.0	0.0	0.0	0.0	0.0	0.0055722793570636	0.7673394721889982	1.0	0.002505260870061
HNRC_100H2O_P4_E3.mzML	0.6750365788181665	0.2444363227941379	0.0018899517696584	0.0	0.0	0.0003201777617183	0.07867158525496	0.0132826221788662	0.0	0.0	0.0	0.0	1.124606042305936	1.0	0.0
HNRC_100H2O_P4_E5.mzML	0.9111687652411464	0.6534766072470222	0.0	0.0	0.0	0.0	15.310515449102036	10.00364032716039	1.458949181957643	0.4910297521813104	0.0	0.0	1.6314199521398274	1.0	0.0111177514268316
HNRC_100H2O_P4_E6.mzML	13.271504340973616	9.409785672556543	0.2066076996125928	0.003918839394469	0.0	0.0536086271329292	2.130100654994479	0.328274969253348	0.0092515158441861	0.0	0.0	0.0053398549620076	0.8519638084857115	1.0	0.0
HNRC_100H2O_P4_E7.mzML	0.4198718553858367	0.1962002385401288	0.2703130744789419	0.0172309678630483	0.0	0.0094917455359265	0.0053727014195657	0.0057397707058634	0.0	0.0	0.0	0.0	1.0652045134437176	1.0	0.0
HNRC_100H2O_P4_E8.mzML	0.1167370699882771	0.0751310714561985	0.0029799874132755	0.0	0.0	0.0023993721511507	0.0694655358488687	0.0287355770230051	0.0016420202601641	0.0	0.0	0.0	0.8407094152982794	1.0	0.0003600679080542
HNRC_100H2O_P4_F1.mzML	13.153342555036652	7.890971096908363	0.2872444178850096	0.0	0.0	0.0296190067902894	3.803136670852151	2.684275379683312	0.8431293278553448	0.0224200446509719	0.0	0.0171490697744209	0.7847159144315572	1.0	0.0
HNRC_100H2O_P4_F2.mzML	0.72049804327251	0.7627831976584972	0.2284372220871093	0.0	0.0	0.0393855762714703	1.764593457872934	1.0091191460646205	0.9762971021163872	0.4107370576100722	0.0088726480023902	0.0110555687494408	1.0341177859185997	1.0	0.0
HNRC_100H2O_P4_F3.mzML	7.475160774327558	3.109147708682668	0.0647664691403066	0.0	0.0	0.0	0.7854496379506908	0.345752936207764	0.0135990389821186	0.0099082704415635	0.0	0.0015313562686417	0.8032728545083336	1.0	0.0012508222959686
HNRC_100H2O_P4_F5.mzML	0.1610565294935031	0.0481555477837049	0.0017803977252001	0.0	0.0	0.0108284063224749	0.0240560179211133	0.0	0.0	0.0	0.0	0.0024103345067041	0.4802456157903756	1.0	0.0
HNRC_100H2O_P4_F6.mzML	4.919220553239854	2.0741669355225407	0.0084305956600596	0.0014628527476581	0.0	0.0	2.3702407116910096	1.0277349358690206	0.2699902177980879	0.0078716563060481	0.0	0.0	0.8974058196448855	1.0	0.0
HNRC_100H2O_P4_F7.mzML	21.30157945973991	13.05298431759907	0.3586241582552891	0.008907783645536	0.0	0.011394353387264	3.3015574543550983	1.2046372164365968	0.3620239902085335	0.0203069797671334	0.0	0.0	1.0521299817789216	1.0	0.0
HNRC_100H2O_P4_F8.mzML	0.2629194011083725	0.3778802069320304	0.6084096187037299	0.0009712348165887	0.0	0.0027493823319289	0.0146415361373123	0.0223983961138837	0.0169100938513062	0.016131566360574	0.0	0.0014469768475382	1.1808213246565151	1.0	0.0
HNRC_100H2O_P4_G1.mzML	3.605662617186968	1.1970635716624574	0.0229091981249348	0.0	0.0	0.0026420267558109	0.2358060352876741	0.0551015672565625	0.0052706280923123	0.0	0.0	0.0	1.206628805388142	1.0	0.0
HNRC_100H2O_P4_G2.mzML	0.0607956680700731	0.0070571151223957	0.0	0.0	0.0	0.0063044172822392	0.0175385389368912	0.0	0.0	0.0	0.0	0.0	0.7348809541476292	1.0	0.0
HNRC_100H2O_P4_G3.mzML	4.527923591265804	0.8047547167604288	0.4062347013253413	0.0053409363855602	0.0	0.0146923436941513	24.668749224889304	3.425866851235505	1.7854335415935865	1.5582231252755672	0.0	0.0027467497190992	1.49938476315475	1.0	0.0110886854242236
HNRC_100H2O_P4_G5.mzML	0.608899059560638	0.3314424126141022	0.2335232574562791	0.0	0.0	0.0032300729322716	0.0	0.0	0.0	0.0	0.0	0.0	1.0402181903829248	1.0	0.0
HNRC_100H2O_P4_G6.mzML	0.215047186205243	0.1302778772842061	0.0019584436253889	0.0	0.0	0.0053092707224261	0.0151429317451514	0.0	0.0	0.0	0.0	0.0	2.9598108852166964	1.0	0.0
HNRC_100H2O_P4_G7.mzML	6.40962034611491	0.4431567693808886	0.003105516373007	0.0	0.0	0.2168852895450262	0.9166413645327814	0.1225212351300768	0.0187169647189482	0.0	0.0	0.0111197546315092	0.9444833603874464	1.0	0.0
HNRC_100H2O_P4_G8.mzML	0.0457505726013696	0.0199421909804997	0.0	0.0	0.0	0.0004356712402776	0.0015346495942097	0.0	0.0	0.0	0.0	0.0	0.3759494710905004	1.0	0.0
HNRC_100H2O_P4_H1.mzML	6.210704891868464	5.011351314380039	3.042096162646177	0.0561460971253544	0.006533212288896	0.0141215509275224	0.0783667099847208	0.0240683136494225	0.029081733326961	0.0072429198448105	0.0	0.0079309492949822	1.2207848533143462	1.0	0.0
HNRC_100H2O_P4_H2.mzML	0.2420032426806656	0.2289737191735941	0.0034171767414109	0.0	0.0	0.0036056482591452	0.0359902134722755	0.0080847380044228	0.0032561519202068	0.0	0.0	0.0	0.6292941396607664	1.0	0.0
HNRC_100H2O_P4_H3.mzML	2.1252985680572194	1.08550796968186	0.0569428191528208	0.0008751782183195	0.0	0.0008244591257542	0.0718362817673722	0.0276063309727718	0.0007601137214691	0.0004444407031345	0.0	0.0	0.1669722688989063	1.0	0.0
HNRC_100H2O_P4_H5.mzML	11.91263008952292	11.681230171617816	0.6832787335422125	0.0126196699300356	0.0	0.057649208663779	0.2456097470169074	0.1151923161374444	0.0140786784208169	0.0052377194509624	0.0	0.0	1.5522461062862192	1.0	0.0
HNRC_100H2O_P4_H6.mzML	2.7341622545424333	1.6133386964574317	1.2997294949471176	0.004572242883735	0.0	0.014201089931623	0.1606302041810533	0.0833677035483531	0.0915580348110611	0.0231042989163776	0.0	0.0021357798120912	1.2015773766525173	1.0	0.0
HNRC_100H2O_P4_H7.mzML	0.2490948063016742	0.1884010225633147	0.0098408172424465	0.0	0.0	0.0022273286949291	0.0372818917329481	0.0113531980895742	0.001672108530943	0.0	0.0	0.0	0.501308243968998	1.0	0.0
HNRC_100H2O_P4_H8.mzML	0.2148879947412342	0.1136454500359081	0.0024543815467949	0.0	0.0	0.0003088634670553	0.0043199900437419	0.0	0.0	0.0	0.0	0.0	0.6824440216090286	1.0	0.0
